{
  "project_info": {
    "project_number": "226018484419",
    "firebase_url": "https://ramenetafraise-84c7d.firebaseio.com",
    "project_id": "ramenetafraise-84c7d",
    "storage_bucket": "ramenetafraise-84c7d.appspot.com"
  },
  "client": [
    {
      "client_info": {
        "mobilesdk_app_id": "1:226018484419:android:48ccb6eed17ee111",
        "android_client_info": {
          "package_name": "com.example.alexm.projetl3"
        }
      },
      "oauth_client": [
        {
          "client_id": "226018484419-mkehheo5i0n39tol93rpg54pj0r7pif5.apps.googleusercontent.com",
          "client_type": 1,
          "android_info": {
            "package_name": "com.example.alexm.projetl3",
            "certificate_hash": "7dd7ec377760750532c93032d001686a840e92b5"
          }
        },
        {
          "client_id": "226018484419-ttk49bbunuioir0d5n81342nfvc8ltsp.apps.googleusercontent.com",
          "client_type": 3
        }
      ],
      "api_key": [
        {
          "current_key": "AIzaSyD-5wbimxbDTeE1TDAMicSJSHw6MdAP5IA"
        }
      ],
      "services": {
        "analytics_service": {
          "status": 1
        },
        "appinvite_service": {
          "status": 2,
          "other_platform_oauth_client": [
            {
              "client_id": "226018484419-ttk49bbunuioir0d5n81342nfvc8ltsp.apps.googleusercontent.com",
              "client_type": 3
            }
          ]
        },
        "ads_service": {
          "status": 2
        }
      }
    }
  ],
  "configuration_version": "1"
}